index,x,y,z,latitude,longitude,altitude
0,56.61892318725586,57.54566955566406,236.17137145996094,42.30007647208245,-83.69859552000251,236.17137145996094
1,56.52170944213867,57.082557678222656,236.18392944335938,42.300080632321226,-83.69859670071837,236.18392944335938
2,56.41383361816406,56.62196731567383,236.19798278808594,42.30008476990841,-83.6985980109312,236.19798278808594
3,56.29513931274414,56.1632080078125,236.21209716796875,42.30008889104653,-83.69859945254059,236.21209716796875
4,56.179222106933594,55.7027587890625,236.2255859375,42.30009302736525,-83.69860086042056,236.2255859375
5,56.060150146484375,55.24176788330078,236.23922729492188,42.3000971685498,-83.69860230661678,236.23922729492188
6,55.9375114440918,54.78007888793945,236.24710083007812,42.30010131600517,-83.6986037961331,236.24710083007812
7,55.7208251953125,53.886138916015625,236.2621307373047,42.3001093464668,-83.69860642791001,236.2621307373047
8,55.7208251953125,53.886138916015625,236.2621307373047,42.3001093464668,-83.69860642791001,236.2621307373047
9,55.649085998535156,53.41231918334961,236.27496337890625,42.30011360289447,-83.69860729922308,236.27496337890625
10,55.59415817260742,52.93565368652344,236.28741455078125,42.300117884885964,-83.69860796635255,236.28741455078125
11,55.54254913330078,52.458229064941406,236.29888916015625,42.300122173696536,-83.6986085931735,236.29888916015625
12,55.43315124511719,51.667205810546875,236.3205108642578,42.30012927963213,-83.69860992187266,236.3205108642578
13,55.43315124511719,51.667205810546875,236.3205108642578,42.30012927963213,-83.69860992187266,236.3205108642578
14,55.344451904296875,51.19154739379883,236.33477783203125,42.300133552575716,-83.69861099917627,236.33477783203125
15,55.25782012939453,50.71430969238281,236.34962463378906,42.30013783970611,-83.69861205136812,236.34962463378906
16,55.17305374145508,50.23551559448242,236.36412048339844,42.300142140817655,-83.69861308090378,236.36412048339844
17,55.08992004394531,49.755165100097656,236.3783416748047,42.30014645591035,-83.6986140906095,236.3783416748047
18,55.00820541381836,49.27326583862305,236.39231872558594,42.300150784915644,-83.69861508307984,236.39231872558594
19,54.92757797241211,48.78981399536133,236.4061279296875,42.30015512786781,-83.69861606234568,236.4061279296875
20,54.84804916381836,48.304752349853516,236.41983032226562,42.30015948528086,-83.69861702826799,236.41983032226562
21,54.76940155029297,47.81805419921875,236.43487548828125,42.30016385739475,-83.69861798348768,236.43487548828125
22,54.69258499145508,47.32972717285156,236.4523162841797,42.30016824414082,-83.69861891646819,236.4523162841797
23,54.61890411376953,46.83982849121094,236.47042846679688,42.30017264500512,-83.69861981136407,236.47042846679688
24,54.5496826171875,46.348453521728516,236.4875030517578,42.30017705913093,-83.69862065209826,236.4875030517578
25,54.48622512817383,45.85572052001953,236.5018310546875,42.30018148545591,-83.69862142282531,236.5018310546875
26,54.42727279663086,45.361820220947266,236.5133056640625,42.30018592226665,-83.69862213883468,236.5133056640625
27,54.34378433227539,44.417293548583984,236.52920532226562,42.30019440714844,-83.69862315284925,236.52920532226562
28,54.34378433227539,44.417293548583984,236.52920532226562,42.30019440714844,-83.69862315284925,236.52920532226562
29,54.33081817626953,43.917049407958984,236.53652954101562,42.30019890094633,-83.69862331033053,236.53652954101562
30,54.318260192871094,43.41680908203125,236.5438690185547,42.30020339470963,-83.69862346285434,236.5438690185547
31,54.306312561035156,42.91658020019531,236.55120849609375,42.30020788836981,-83.69862360796508,236.55120849609375
32,54.295169830322266,42.41636657714844,236.5585479736328,42.30021238189258,-83.69862374329983,236.5585479736328
33,54.28504180908203,41.91616439819336,236.56588745117188,42.30021687531223,-83.69862386631038,236.56588745117188
34,54.276119232177734,41.415977478027344,236.57322692871094,42.30022136859452,-83.69862397468012,236.57322692871094
35,54.26860809326172,40.91581344604492,236.58056640625,42.30022586167081,-83.69862406590714,236.58056640625
36,54.2627067565918,40.415672302246094,236.58790588378906,42.30023035454124,-83.69862413758221,236.58790588378906
37,54.25858688354492,39.91556167602539,236.59523010253906,42.300234847137176,-83.6986241876204,236.59523010253906
38,54.256263732910156,39.41547393798828,236.60256958007812,42.300239339527195,-83.69862421583638,236.60256958007812
39,54.25567626953125,38.915409088134766,236.60989379882812,42.30024383171127,-83.69862422297145,236.60989379882812
40,54.25676727294922,38.415374755859375,236.6172332763672,42.30024832362088,-83.69862420972059,236.6172332763672
41,54.25947570800781,37.91536331176758,236.6245574951172,42.30025281532454,-83.69862417682512,236.6245574951172
42,54.26374435424805,37.41537094116211,236.63189697265625,42.300257306856565,-83.69862412498,236.63189697265625
43,54.26951599121094,36.915401458740234,236.63922119140625,42.300261798182675,-83.69862405488021,236.63922119140625
44,54.27900314331055,36.27547073364258,236.63619995117188,42.300267546808186,-83.69862393965339,236.63619995117188
45,54.27900314331055,36.27547073364258,236.63619995117188,42.300267546808186,-83.69862393965339,236.63619995117188
46,54.28495407104492,35.77549362182617,236.6382293701172,42.30027203820208,-83.698623867376,236.6382293701172
47,54.28323745727539,35.275474548339844,236.63314819335938,42.30027652997262,-83.69862388822526,236.63314819335938
48,54.27461624145508,34.775535583496094,236.6261444091797,42.30028102102318,-83.69862399293478,236.6261444091797
49,54.25988006591797,34.2757568359375,236.6224365234375,42.300285510634154,-83.69862417191396,236.6224365234375
50,54.239776611328125,33.776187896728516,236.62454223632812,42.300289998360086,-83.69862441608178,236.62454223632812
51,54.214996337890625,33.276851654052734,236.62464904785156,42.300294483995344,-83.6986247170522,236.62464904785156
52,54.18617630004883,32.777740478515625,236.62242126464844,42.300298967608455,-83.69862506708785,236.62242126464844
53,54.15393829345703,32.278846740722656,236.61862182617188,42.30030344926794,-83.69862545863664,236.61862182617188
54,54.118751525878906,31.780141830444336,236.61398315429688,42.300307929230854,-83.69862588599982,236.61398315429688
55,54.08055114746094,31.281641006469727,236.60926818847656,42.30031240736008,-83.698626349965,236.60926818847656
56,54.039798736572266,30.783313751220703,236.60520935058594,42.30031688392978,-83.69862684492604,236.60520935058594
57,53.99668884277344,30.28514289855957,236.60255432128906,42.3003213590942,-83.69862736852006,236.60255432128906
58,53.95142364501953,29.787118911743164,236.60206604003906,42.30032583293897,-83.69862791829146,236.60206604003906
59,53.904197692871094,29.289228439331055,236.60472106933594,42.300330305584026,-83.69862849187733,236.60472106933594
60,53.855411529541016,28.791431427001953,236.6119842529297,42.300334777389196,-83.69862908441284,236.6119842529297
61,53.805870056152344,28.293638229370117,236.62184143066406,42.30033924915978,-83.69862968612202,236.62184143066406
62,53.7563591003418,27.79574203491211,236.63169860839844,42.300343721855256,-83.69863028746056,236.63169860839844
63,53.70769500732422,27.297636032104492,236.63931274414062,42.30034819643524,-83.69863087851346,236.63931274414062
64,53.65995407104492,26.79930305480957,236.64759826660156,42.300352673053794,-83.6986314583541,236.64759826660156
65,53.61002731323242,26.301170349121094,236.65830993652344,42.30035714787297,-83.69863206474278,236.65830993652344
66,53.555152893066406,25.803668975830078,236.66688537597656,42.300361617020485,-83.69863273122361,236.66688537597656
67,53.493980407714844,25.307050704956055,236.6734619140625,42.30036607823456,-83.698633474198,236.6734619140625
68,53.42831039428711,24.811100006103516,236.681396484375,42.3003705334514,-83.69863427179742,236.681396484375
69,53.36034393310547,24.315528869628906,236.6894989013672,42.30037498525829,-83.69863509728849,236.6894989013672
70,53.2900276184082,23.820354461669922,236.69656372070312,42.30037943350095,-83.69863595131986,236.69656372070312
71,53.21623992919922,23.325761795043945,236.70236206054688,42.30038387651743,-83.69863684751303,236.70236206054688
72,53.138343811035156,22.83184051513672,236.7086181640625,42.30038831350237,-83.69863779360539,236.7086181640625
73,53.057064056396484,22.33847999572754,236.71517944335938,42.300392745449585,-83.69863878079393,236.71517944335938
74,52.97332000732422,21.84554100036621,236.72177124023438,42.300397173609895,-83.69863979791272,236.72177124023438
75,52.88800048828125,21.35286521911621,236.72813415527344,42.300401599405376,-83.69864083416647,236.72813415527344
76,52.802005767822266,20.86029052734375,236.73399353027344,42.30040602429244,-83.69864187862093,236.73399353027344
77,52.716224670410156,20.367666244506836,236.73928833007812,42.30041044962471,-83.69864292048082,236.73928833007812
78,52.631351470947266,19.874868392944336,236.7450714111328,42.300414876515816,-83.69864395131378,236.7450714111328
79,52.547752380371094,19.381818771362305,236.75112915039062,42.30041930566833,-83.69864496667196,236.75112915039062
80,52.46577835083008,18.888456344604492,236.75694274902344,42.300423737630524,-83.69864596229287,236.75694274902344
81,52.38578414916992,18.394704818725586,236.76199340820312,42.30042817308771,-83.69864693386764,236.76199340820312
82,52.30812072753906,17.900510787963867,236.76792907714844,42.30043261251973,-83.69864787713377,236.76792907714844
83,52.23313903808594,17.40582275390625,236.7747344970703,42.30043705638914,-83.69864878782874,236.7747344970703
84,52.1611328125,16.91059112548828,236.77987670898438,42.300441505141464,-83.69864966238504,236.77987670898438
85,52.09261703491211,16.414756774902344,236.7855682373047,42.30044595930778,-83.69865049454786,236.7855682373047
86,52.028099060058594,15.918280601501465,236.79177856445312,42.30045041923941,-83.69865127815513,236.79177856445312
87,51.968101501464844,15.421124458312988,236.7972412109375,42.30045488527901,-83.69865200685936,236.7972412109375
88,51.913246154785156,14.92326545715332,236.80203247070312,42.30045935763221,-83.69865267310854,236.80203247070312
89,51.86507034301758,14.424633026123047,236.80845642089844,42.30046383693292,-83.69865325823099,236.80845642089844
90,51.82516098022461,13.925212860107422,236.81576538085938,42.30046832330967,-83.69865374295274,236.81576538085938
91,51.795074462890625,13.425041198730469,236.822998046875,42.30047281643692,-83.6986541083705,236.822998046875
92,51.77577209472656,12.924285888671875,236.8292236328125,42.30047731480687,-83.69865434280867,236.8292236328125
93,51.76850891113281,12.423127174377441,236.83383178710938,42.30048181680036,-83.69865443102414,236.83383178710938
94,51.77272415161133,11.921868324279785,236.8399200439453,42.30048631969302,-83.69865437982766,236.8399200439453
95,51.785308837890625,11.420825004577637,236.84776306152344,42.30049082064923,-83.69865422697953,236.84776306152344
96,51.8037223815918,10.920182228088379,236.85641479492188,42.300495318006995,-83.69865400333664,236.85641479492188
97,51.825592041015625,10.420002937316895,236.8649139404297,42.30049981120084,-83.69865373771728,236.8649139404297
98,51.84856414794922,9.920222282409668,236.872314453125,42.300504300813344,-83.69865345870805,236.872314453125
99,51.87062454223633,9.413476943969727,236.8685760498047,42.30050885299045,-83.6986531907721,236.8685760498047
100,51.87062454223633,9.413476943969727,236.8685760498047,42.30050885299045,-83.6986531907721,236.8685760498047
101,51.891361236572266,8.913716316223145,236.87254333496094,42.30051334242245,-83.69865293891324,236.87254333496094
102,51.912086486816406,8.413954734802246,236.87652587890625,42.300517831862635,-83.69865268719336,236.87652587890625
103,51.93278884887695,7.914190769195557,236.8804931640625,42.30052232132397,-83.69865243575148,236.8804931640625
104,51.95345687866211,7.414425373077393,236.8844757080078,42.300526810797834,-83.69865218472658,236.8844757080078
105,51.97407913208008,6.9146575927734375,236.88845825195312,42.30053130029276,-83.69865193425767,236.88845825195312
106,51.99464416503906,6.414886474609375,236.89242553710938,42.30053578981736,-83.69865168448372,236.89242553710938
107,52.01513671875,5.915112018585205,236.8964080810547,42.30054027937163,-83.69865143559008,236.8964080810547
108,52.03555679321289,5.4153337478637695,236.900390625,42.30054476895987,-83.69865118757674,236.900390625
109,52.05588150024414,4.91555118560791,236.90438842773438,42.30054925858633,-83.69865094072169,236.90438842773438
110,52.07610321044922,4.4157633781433105,236.9083709716797,42.300553748259574,-83.69865069511759,236.9083709716797
111,52.09620666503906,3.915971040725708,236.912353515625,42.300558237973206,-83.69865045094978,236.912353515625
112,52.116188049316406,3.416172742843628,236.91635131835938,42.300562727740044,-83.69865020826458,236.91635131835938
113,52.13602828979492,2.9163684844970703,236.92034912109375,42.300567217560115,-83.69864996729365,236.92034912109375
114,52.15571975708008,2.416557788848877,236.92434692382812,42.30057170743771,-83.69864972812965,236.92434692382812
115,52.17525100708008,1.9167404174804688,236.92835998535156,42.30057619737494,-83.69864949091159,236.92835998535156
116,52.19461441040039,1.4169154167175293,236.932373046875,42.300580687380375,-83.69864925573212,236.932373046875
117,52.21379089355469,0.9170830249786377,236.93638610839844,42.300585177451865,-83.69864902282289,236.93638610839844
118,52.23276901245117,0.41724279522895813,236.94039916992188,42.3005896675935,-83.69864879232293,236.94039916992188
119,52.25154113769531,-0.08260618895292282,236.94442749023438,42.300594157813435,-83.69864856432486,236.94442749023438
120,52.270103454589844,-0.5824640393257141,236.94845581054688,42.3005986481127,-83.69864833887503,236.94845581054688
121,52.288429260253906,-1.082330584526062,236.95249938964844,42.30060313848972,-83.69864811629776,236.95249938964844
122,52.30653762817383,-1.582206130027771,236.95654296875,42.30060762894729,-83.69864789636141,236.95654296875
123,52.32448196411133,-2.082087755203247,236.9605712890625,42.300612119459146,-83.69864767841732,236.9605712890625
124,52.34233093261719,-2.5819737911224365,236.964599609375,42.30061661001034,-83.69864746163151,236.964599609375
125,52.360145568847656,-3.0818612575531006,236.96864318847656,42.300621100574006,-83.69864724526268,236.96864318847656
126,52.377986907958984,-3.581747531890869,236.97267150878906,42.3006255911267,-83.69864702856954,236.97267150878906
127,52.39592742919922,-4.081630706787109,236.97671508789062,42.30063008165121,-83.69864681067178,236.97671508789062
128,52.414031982421875,-4.581508636474609,236.98077392578125,42.300634572128274,-83.69864659078175,236.98077392578125
129,52.4323616027832,-5.081378936767578,236.98483276367188,42.300639062536504,-83.69864636815815,236.98483276367188
130,52.45098114013672,-5.581239223480225,236.9888916015625,42.30064355285444,-83.69864614201335,236.9888916015625
131,52.46994400024414,-6.0810866355896,236.99295043945312,42.30064804305641,-83.6986459116987,236.99295043945312
132,52.4892692565918,-6.580921649932861,236.99700927734375,42.30065253314669,-83.69864567698255,236.99700927734375
133,52.508975982666016,-7.080743312835693,237.00108337402344,42.30065702311671,-83.69864543763323,237.00108337402344
134,52.52910614013672,-7.580550670623779,237.00514221191406,42.3006615129579,-83.69864519314109,237.00514221191406
135,52.549652099609375,-8.080344200134277,237.00921630859375,42.30066600267452,-83.69864494359881,237.00921630859375
136,52.57051467895508,-8.580127716064453,237.01327514648438,42.300670492300895,-83.698644690211,237.01327514648438
137,52.5915412902832,-9.079906463623047,237.01731872558594,42.30067498188413,-83.69864443483092,237.01731872558594
138,52.612579345703125,-9.579687118530273,237.02134704589844,42.30067947148416,-83.69864417931186,237.02134704589844
139,52.63347244262695,-10.079474449157715,237.02536010742188,42.30068396114385,-83.69864392555338,237.02536010742188
140,52.65414810180664,-10.579269409179688,237.02938842773438,42.30068845087172,-83.69864367443583,237.02938842773438
141,52.67461013793945,-11.079072952270508,237.0334014892578,42.30069294067641,-83.69864342591283,237.0334014892578
142,52.694854736328125,-11.578886032104492,237.0374298095703,42.30069743056646,-83.69864318003076,237.0374298095703
143,52.71486282348633,-12.078709602355957,237.0414581298828,42.30070192055038,-83.69864293702123,237.0414581298828
144,52.734642028808594,-12.57854175567627,237.04550170898438,42.300706410611156,-83.69864269679161,237.04550170898438
145,52.75417709350586,-13.078383445739746,237.04954528808594,42.300710900757196,-83.6986424595272,237.04954528808594
146,52.77347183227539,-13.57823371887207,237.05361938476562,42.30071539098009,-83.6986422251817,237.05361938476562
147,52.792518615722656,-14.078095436096191,237.05772399902344,42.30071988130541,-83.69864199384776,237.05772399902344
148,52.81131362915039,-14.57796573638916,237.06182861328125,42.30072437170756,-83.69864176557171,237.06182861328125
149,52.829917907714844,-15.077844619750977,237.06591796875,42.300728862186446,-83.69864153961223,237.06591796875
150,52.848411560058594,-15.577727317810059,237.0699920654297,42.300733352699325,-83.69864131499638,237.0699920654297
151,52.86686706542969,-16.077613830566406,237.0740509033203,42.30073784324611,-83.69864109084384,237.0740509033203
152,52.8853759765625,-16.577497482299805,237.07810974121094,42.30074233376692,-83.69864086604265,237.07810974121094
153,52.90400314331055,-17.07737922668457,237.0821533203125,42.30074682427025,-83.69864063980519,237.0821533203125
154,52.92283630371094,-17.577253341674805,237.08621215820312,42.30075131470471,-83.69864041106581,237.08621215820312
155,52.941959381103516,-18.077119827270508,237.0902862548828,42.30075580507034,-83.69864017880523,237.0902862548828
156,52.96144104003906,-18.576976776123047,237.0943603515625,42.30076029534996,-83.69863994218949,237.0943603515625
157,52.98135757446289,-19.07682228088379,237.0984649658203,42.300764785526496,-83.69863970029192,237.0984649658203
158,53.00581359863281,-19.673097610473633,237.10098266601562,42.3007701419441,-83.69863940325969,237.10098266601562
159,53.00581359863281,-19.673097610473633,237.10098266601562,42.3007701419441,-83.69863940325969,237.10098266601562
160,53.026885986328125,-20.172653198242188,237.10462951660156,42.30077462951553,-83.69863914732363,237.10462951660156
161,53.04839324951172,-20.672168731689453,237.1074981689453,42.30077911672683,-83.69863888610578,237.1074981689453
162,53.07037353515625,-21.171676635742188,237.10986328125,42.30078360386929,-83.69863861914278,237.10986328125
163,53.09287643432617,-21.67120933532715,237.11203002929688,42.30078809123418,-83.69863834583236,237.11203002929688
164,53.1159553527832,-22.1707820892334,237.11431884765625,42.30079257895855,-83.69863806552587,237.11431884765625
165,53.1396598815918,-22.670419692993164,237.11703491210938,42.300797067265165,-83.69863777762097,237.11703491210938
166,53.165279388427734,-23.170034408569336,237.12045288085938,42.30080155536581,-83.69863746645758,237.12045288085938
167,53.19438934326172,-23.669496536254883,237.12489318847656,42.30080604209547,-83.69863711290074,237.12489318847656
168,53.22637939453125,-24.168827056884766,237.13023376464844,42.30081052764254,-83.6986367243635,237.13023376464844
169,53.261112213134766,-24.668012619018555,237.13575744628906,42.300815011887124,-83.69863630251379,237.13575744628906
170,53.29866027832031,-25.167024612426758,237.14138793945312,42.30081949457218,-83.69863584647132,237.14138793945312
171,53.33909225463867,-25.665836334228516,237.1470947265625,42.30082397545789,-83.69863535540213,237.1470947265625
172,53.3824577331543,-26.164426803588867,237.15283203125,42.300828454355695,-83.69863482870389,237.15283203125
173,53.428871154785156,-26.662738800048828,237.15858459472656,42.30083293075165,-83.69863426498667,237.15858459472656
174,53.478389739990234,-27.16075325012207,237.16433715820312,42.30083740447441,-83.69863366355547,237.16433715820312
175,53.530921936035156,-27.658451080322266,237.17066955566406,42.3008418753526,-83.69863302552227,237.17066955566406
176,53.58626937866211,-28.155838012695312,237.17779541015625,42.300846343437655,-83.69863235329632,237.17779541015625
177,53.64432144165039,-28.65290641784668,237.18556213378906,42.30085080866101,-83.69863164822121,237.18556213378906
178,53.70494842529297,-29.14965057373047,237.19378662109375,42.30085527097128,-83.69863091187224,237.19378662109375
179,53.76804733276367,-29.64607048034668,237.20233154296875,42.3008597303685,-83.69863014550037,237.20233154296875
180,53.83349609375,-30.142166137695312,237.21102905273438,42.30086418685258,-83.69862935058819,237.21102905273438
181,53.90117645263672,-30.637943267822266,237.21974182128906,42.300868640475045,-83.698628528572,237.21974182128906
182,53.97096252441406,-31.133407592773438,237.2283172607422,42.30087309128717,-83.69862768098074,237.2283172607422
183,54.04264831542969,-31.628576278686523,237.236572265625,42.300877539443235,-83.6986268103163,237.236572265625
184,54.11603927612305,-32.123470306396484,237.24436950683594,42.300881985131724,-83.69862591894162,237.24436950683594
185,54.19094467163086,-32.61811447143555,237.25155639648438,42.300886428575325,-83.69862500917327,237.25155639648438
186,54.26716995239258,-33.11252975463867,237.2579803466797,42.30089086996256,-83.69862408337417,237.2579803466797
187,54.344520568847656,-33.606746673583984,237.2634735107422,42.30089530956755,-83.69862314390724,237.2634735107422
188,54.42282485961914,-34.100791931152344,237.26889038085938,42.300899747630154,-83.69862219285739,237.26889038085938
189,54.502010345458984,-34.59466552734375,237.2749481201172,42.300904184150426,-83.69862123110492,237.2749481201172
190,54.58202362060547,-35.08839416503906,237.28143310546875,42.30090861936819,-83.6986202592985,237.28143310546875
191,54.66281509399414,-35.58195877075195,237.28811645507812,42.30091305311211,-83.69861927804041,237.28811645507812
192,54.74433517456055,-36.07538986206055,237.29478454589844,42.300917485656385,-83.69861828793297,237.29478454589844
193,54.82653045654297,-36.568687438964844,237.3012237548828,42.30092191700095,-83.69861728962485,237.3012237548828
194,54.90935516357422,-37.06185531616211,237.30718994140625,42.30092634718011,-83.69861628367198,237.30718994140625
195,54.992759704589844,-37.55491256713867,237.31248474121094,42.30093077636519,-83.69861527067671,237.31248474121094
196,55.07668685913086,-38.047855377197266,237.31686401367188,42.30093520452189,-83.698614251334,237.31686401367188
197,55.16109848022461,-38.54071044921875,237.32029724121094,42.300939631890145,-83.69861322610718,237.32029724121094
198,55.245941162109375,-39.03347396850586,237.3236541748047,42.30094405843565,-83.69861219564488,237.3236541748047
199,55.331172943115234,-39.52615737915039,237.32704162597656,42.30094848426123,-83.69861116045675,237.32704162597656
200,55.41676712036133,-40.01877212524414,237.33041381835938,42.30095290946966,-83.6986101208671,237.33041381835938
201,55.50270080566406,-40.511322021484375,237.3336639404297,42.30095733409527,-83.69860907715395,237.3336639404297
202,55.58893585205078,-41.00381851196289,237.3367462158203,42.30096175824079,-83.6986080297806,237.3367462158203
203,55.67544937133789,-41.49626922607422,237.33958435058594,42.300966181974786,-83.69860697902503,237.33958435058594
204,55.762203216552734,-41.988685607910156,237.341796875,42.30097060540007,-83.69860592535056,237.341796875
205,55.849151611328125,-42.481082916259766,237.3424835205078,42.30097502865371,-83.69860486931319,237.3424835205078
206,55.93623352050781,-42.973472595214844,237.34193420410156,42.30097945183849,-83.69860381165421,237.34193420410156
207,56.02340316772461,-43.46586990356445,237.3406219482422,42.300983875091475,-83.69860275292959,237.3406219482422
208,56.110599517822266,-43.95829391479492,237.3389434814453,42.30098829858403,-83.69860169388066,237.3389434814453
209,56.197757720947266,-44.45075988769531,237.33734130859375,42.30099272245326,-83.69860063529505,237.33734130859375
210,56.28480911254883,-44.94328689575195,237.3362579345703,42.30099714687043,-83.69859957800671,237.3362579345703
211,56.37167739868164,-45.4359016418457,237.33609008789062,42.30100157207545,-83.6985985229423,237.33609008789062
212,56.45828628540039,-45.92862319946289,237.33729553222656,42.301005998239674,-83.69859747102845,237.33729553222656
213,56.54458236694336,-46.42146301269531,237.3402862548828,42.301010425465876,-83.69859642291378,237.3402862548828
214,56.63044357299805,-46.91445541381836,237.34268188476562,42.30101485406249,-83.69859538008093,237.34268188476562
215,56.71571350097656,-47.407630920410156,237.3427734375,42.301019284303635,-83.69859434442948,237.3427734375
216,56.8001823425293,-47.901031494140625,237.34146118164062,42.30102371656625,-83.69859331850768,237.34146118164062
217,56.88338851928711,-48.39472579956055,237.33961486816406,42.301028151467165,-83.69859230792166,237.33961486816406
218,56.96394729614258,-48.88889694213867,237.33810424804688,42.30103259065129,-83.6985913294898,237.33810424804688
219,57.040283203125,-49.383731842041016,237.33779907226562,42.30103703579766,-83.69859040234708,237.33779907226562
220,57.11081314086914,-49.87939453125,237.33958435058594,42.30104148837984,-83.69858954572113,237.33958435058594
221,57.174774169921875,-50.37593078613281,237.34434509277344,42.30104594880902,-83.69858876887831,237.34434509277344
222,57.232398986816406,-50.873252868652344,237.34925842285156,42.30105041629702,-83.69858806899235,237.34925842285156
223,57.28409194946289,-51.37126159667969,237.3590850830078,42.301054889952894,-83.69858744115211,237.3590850830078
224,57.330474853515625,-51.86982727050781,237.37246704101562,42.30105936861156,-83.69858687780554,237.37246704101562
225,57.372161865234375,-52.36883544921875,237.38861083984375,42.301063851244976,-83.69858637149323,237.38861083984375
226,57.40941619873047,-52.868221282958984,237.40684509277344,42.30106833727058,-83.69858591901831,237.40684509277344
227,57.44243240356445,-53.367916107177734,237.426513671875,42.30107282607153,-83.69858551801785,237.426513671875
228,57.4714241027832,-53.86785125732422,237.4469757080078,42.30107731703106,-83.69858516589728,237.4469757080078
229,57.49659729003906,-54.36798095703125,237.46759033203125,42.301081809737894,-83.6985848601547,237.46759033203125
230,57.518165588378906,-54.86824035644531,237.4876708984375,42.30108630360948,-83.69858459819554,237.4876708984375
231,57.536319732666016,-55.36858367919922,237.506591796875,42.301090798234696,-83.6985843777032,237.506591796875
232,57.5512809753418,-55.868953704833984,237.52369689941406,42.30109529309945,-83.69858419599045,237.52369689941406
233,57.56325912475586,-56.36931228637695,237.538330078125,42.30109978786109,-83.69858405050906,237.538330078125
234,57.572654724121094,-56.8859748840332,237.5081329345703,42.30110442908267,-83.6985839363942,237.5081329345703
235,57.572654724121094,-56.8859748840332,237.5081329345703,42.30110442908267,-83.6985839363942,237.5081329345703
236,57.58604049682617,-57.385955810546875,237.5177001953125,42.301108920451156,-83.69858377381642,237.5177001953125
237,57.60786437988281,-57.885494232177734,237.52725219726562,42.30111340784424,-83.69858350875303,237.52725219726562
238,57.66390609741211,-58.813838958740234,237.57931518554688,42.301121747237374,-83.69858282809471,237.57931518554688
239,57.66368103027344,-58.813846588134766,237.69496154785156,42.30112174730593,-83.69858283082829,237.69496154785156
240,57.71843338012695,-59.38758087158203,237.69493103027344,42.30112690120521,-83.69858216583006,237.69493103027344
241,57.80043029785156,-59.9534912109375,237.68507385253906,42.30113198482101,-83.69858116993117,237.68507385253906
242,57.90865707397461,-60.51081848144531,237.66810607910156,42.30113699133403,-83.69857985545583,237.66810607910156
243,58.04228973388672,-61.058841705322266,237.64675903320312,42.30114191426773,-83.69857823241168,237.64675903320312
244,58.20101547241211,-61.59632110595703,237.62379455566406,42.30114674248509,-83.69857630459792,237.62379455566406
245,58.3829231262207,-62.12276840209961,237.6019287109375,42.301151471599894,-83.69857409522669,237.6019287109375
246,58.588138580322266,-62.63662338256836,237.5839080810547,42.30115608759664,-83.69857160276906,237.5839080810547
247,58.816402435302734,-63.1365966796875,237.5724639892578,42.301160578892876,-83.69856883037559,237.5724639892578
248,59.067440032958984,-63.62145233154297,237.56968688964844,42.30116493438592,-83.69856578138214,237.56968688964844
249,59.34080505371094,-64.090087890625,237.5706787109375,42.301169144172405,-83.69856246120953,237.5706787109375
250,59.6357421875,-64.54165649414062,237.57347106933594,42.301173200644996,-83.69855887903141,237.57347106933594
251,59.95134353637695,-64.97554779052734,237.57762145996094,42.30117709832081,-83.69855504587474,237.57762145996094
252,60.28632354736328,-65.39146423339844,237.58267211914062,42.30118083452703,-83.69855097735325,237.58267211914062
253,60.64010238647461,-65.79032897949219,237.58819580078125,42.3011844175565,-83.6985466805094,237.58819580078125
254,61.0126953125,-66.17278289794922,237.59371948242188,42.30118785316614,-83.69854215515781,237.59371948242188
255,61.40342712402344,-66.53740692138672,237.6051788330078,42.30119112860848,-83.69853740949921,237.6051788330078
256,61.81096649169922,-66.88330078125,237.61648559570312,42.30119423579629,-83.69853245970336,237.61648559570312
257,62.2336311340332,-67.2098159790039,237.6274871826172,42.30119716890417,-83.6985273262025,237.6274871826172
258,62.66969680786133,-67.51638793945312,237.63998413085938,42.30119992286049,-83.69852202993853,237.63998413085938
259,63.11738586425781,-67.80254364013672,237.65232849121094,42.30120249341607,-83.69851659250202,237.65232849121094
260,63.57483673095703,-68.0679931640625,237.66082763671875,42.301204877966626,-83.69851103650281,237.66082763671875
261,64.31782531738281,-68.45377349853516,237.66505432128906,42.30120834345655,-83.69850201248667,237.66505432128906
262,64.31782531738281,-68.45377349853516,237.66505432128906,42.30120834345655,-83.69850201248667,237.66505432128906
263,64.78518676757812,-68.67345428466797,237.67691040039062,42.30121031686335,-83.69849633611783,237.67691040039062
264,65.25129699707031,-68.88066101074219,237.68922424316406,42.30121217821477,-83.69849067494576,237.68922424316406
265,66.0935287475586,-69.23149108886719,237.7126007080078,42.30121532974391,-83.69848044556534,237.7126007080078
266,66.0935287475586,-69.23149108886719,237.7126007080078,42.30121532974391,-83.69848044556534,237.7126007080078
267,66.5481185913086,-69.41805267333984,237.7257080078125,42.30121700563856,-83.69847492431487,237.7257080078125
268,66.99493408203125,-69.60499572753906,237.73892211914062,42.30121868495996,-83.6984694974883,237.73892211914062
269,67.43669891357422,-69.7906723022461,237.75225830078125,42.30122035290444,-83.69846413200484,237.75225830078125
270,67.87461853027344,-69.97598266601562,237.76580810546875,42.301222017559155,-83.6984588132237,237.76580810546875
271,68.3121566772461,-70.16012573242188,237.77967834472656,42.30122367172791,-83.69845349907571,237.77967834472656
272,68.7496566772461,-70.34412384033203,237.79396057128906,42.3012253245945,-83.69844818539106,237.79396057128906
273,69.18795776367188,-70.52796936035156,237.80865478515625,42.30122697609028,-83.69844286197674,237.80865478515625
274,69.6274185180664,-70.71199798583984,237.8235626220703,42.301228629230906,-83.69843752447761,237.8235626220703
275,70.06940460205078,-70.89564514160156,237.83912658691406,42.30123027894473,-83.69843215630692,237.83912658691406
276,70.51262664794922,-71.07994079589844,237.85496520996094,42.30123193448395,-83.69842677312477,237.85496520996094
277,71.1264877319336,-71.33551025390625,237.87767028808594,42.30123423028016,-83.69841931743511,237.87767028808594
278,71.41230010986328,-71.45448303222656,237.88845825195312,42.30123529901991,-83.69841584608231,237.88845825195312
279,71.86050415039062,-71.64106750488281,237.90570068359375,42.30123697511965,-83.69841040239102,237.90570068359375
280,72.31018829345703,-71.82905578613281,237.92308044433594,42.30123866382982,-83.69840494072307,237.92308044433594
281,72.76200866699219,-72.01797485351562,237.9411163330078,42.30124036090126,-83.69839945310937,237.9411163330078
282,73.21595001220703,-72.20793914794922,237.9600830078125,42.30124206736198,-83.69839393973528,237.9600830078125
283,73.67183685302734,-72.39906311035156,237.9796600341797,42.30124378424006,-83.69838840273204,237.9796600341797
284,74.12980651855469,-72.59126281738281,237.99954223632812,42.30124551078154,-83.69838284043172,237.99954223632812
285,74.58983612060547,-72.7845230102539,238.01937866210938,42.301247246849385,-83.69837725311231,238.01937866210938
286,75.0519027709961,-72.97883605957031,238.0388641357422,42.301248992375065,-83.6983716410518,238.0388641357422
287,75.51594543457031,-73.1742172241211,238.05764770507812,42.30125074749566,-83.6983660049915,238.05764770507812
288,75.98196411132812,-73.37068176269531,238.07542419433594,42.30125251234816,-83.69836034493139,238.07542419433594
289,76.73400115966797,-73.6878890991211,238.0786895751953,42.30125536184025,-83.69835121101657,238.0786895751953
290,76.73400115966797,-73.6878890991211,238.0786895751953,42.30125536184025,-83.69835121101657,238.0786895751953
291,77.19451141357422,-73.88267517089844,238.0926971435547,42.30125711161489,-83.69834561785937,238.0926971435547
292,77.65494537353516,-74.07759857177734,238.10670471191406,42.30125886262309,-83.69834002562881,238.10670471191406
293,78.1153335571289,-74.27265167236328,238.1207275390625,42.30126061479638,-83.69833443395423,238.1207275390625
294,78.57567596435547,-74.46780395507812,238.13473510742188,42.30126236786057,-83.69832884283562,238.13473510742188
295,79.03598022460938,-74.6630630493164,238.14874267578125,42.301264121884174,-83.69832325218033,238.14874267578125
296,79.4962387084961,-74.85839080810547,238.1627197265625,42.30126587652461,-83.69831766208102,238.1627197265625
297,79.95648193359375,-75.05379486083984,238.17669677734375,42.301267631850266,-83.69831207216704,238.17669677734375
298,80.41670227050781,-75.24922943115234,238.19065856933594,42.30126938745008,-83.69830648253105,238.19065856933594
299,81.1438217163086,-75.55809020996094,238.2710723876953,42.301272161963794,-83.69829765125459,238.2710723876953
300,81.1438217163086,-75.55809020996094,238.2710723876953,42.301272161963794,-83.69829765125459,238.2710723876953
